設備型號,大標,主題(事件簡述),原因(異常查找、分析),處置、應對,驗證是否排除(驗證作法),備註(建議事項及補充事項)
HGT-421,其他工程,機台改造,客戶反應先前改造之升降保護SENSOR裝置使用上有較大疑慮,"調整項目
1.輸送段與彈匣的間距拉大
2.升降保護SENSOR位置調整
3.SENSOR靈敏度調整
4.X35點位SENSOR位置調整
",,"1.升降保護SENSOR於撞到X35前兩層會先警報
2.X35點位盲區調整至能COVER極限位置
3.輸送段可應付有彎翹的產品"
HGT-420,板子問題,漏磨情況,主軸皮帶輪、壓制滾輪磨損,進行250K保養工程,,
HGT-420,板子問題,研磨破片 ,,"季保養工程
",,"發現磨損零部件 建議更換
1.擺動皮帶
2.操作側線性滑軌"
HGT-420,板子問題,研磨破片,,"更換以下材料:
1.被壓滾輪
2.主軸軸心(R)
3.主軸培林組
4.6303培林
5.單向培林總成
6.皮帶輪墊片

",,
HGT-420,板子問題,研磨破片,"背壓滾輪磨損
1.主軸機構磨損
2.壓制滾輪磨損
3.自重滾輪磨損",更換背壓滾輪,,"檢查設備發現以下料件毀損
1.主軸機構
2.壓制滾輪
3.自重滾輪
以上料件將對比之前年保報價單，未報價著補上，背壓滾輪於報價單中剃除後再進行報價"
HGT-420,異音,加壓有異音,調壓伺服控制器固定齒輪螺母鬆脫，造成加壓時有異音,"點檢項目如下:
1.主軸軸心、主軸培林
2.6303培林
3.背壓滾輪
4.操作側線性",已做調整測試後無異音,"1.點檢時發現調壓伺服控制器固定齒輪螺母鬆脫，造成加壓時有異音
2.入出料SENSOR損壞，擇日保養時一起更換、以及入出料盛水盤"
HGT-420,其他工程,機台改造,水洗烘乾機省水目的,"1.增設一進水電磁閥
2.增加繼電器控制迴路
3.整合手動補水功能至人機介面

",,
HGT-420,主軸,找原點時主軸轉速異常,PLC模組與主軸馬達變頻器通訊不良,"更換PLC模組與主軸馬達變頻器、並將變頻器參數設定微調。
",動作測試:自動運轉測試主軸作動，起步時初步轉動為慢速，主要是確認主軸是轉動或卡死，進入原點動作完成後，移動至待刷位置即恢復正常研磨狀態轉動。(此動作測試5次動作正常),
HGT-420,設備異常,找原點時主軸轉速異常,PLC模組與主軸馬達變頻器通訊不良,"更換PLC模組與主軸馬達變頻器、並將變頻器參數設定微調。
",動作測試:自動運轉測試主軸作動，起步時初步轉動為慢速，主要是確認主軸是轉動或卡死，進入原點動作完成後，移動至待刷位置即恢復正常研磨狀態轉動。(此動作測試5次動作正常),更換料件:PLC模組、主軸馬達變頻器
HGT-420,自動狀態異常,自動狀態下不研磨,入料SENSOR異常,更換一入料SENSOR,,
HGT-420,板子問題,"研磨破片
","背壓滾輪有刻溝之狀況
",背壓輪更換,,
HGT-420,板子問題,板子有髒污,可能為吸水滾輪較髒，故反沾髒污至基板上,將吸水滾輪(上、下X4)更換,,
HGT-420,髒污,板子有髒污,可能為吸水滾輪較髒，故反沾髒污至基板上,將吸水滾輪(上、下X4)更換,,
HGT-420,板子問題,"研磨破片
","
背壓滾輪有刻溝之狀況","更換、保養、校正內容如下:
主軸、主軸培林、擋蓋培林、背壓輪、背壓輪培林(前後)、操作側線性滑軌、主軸水平測試
",,
HGT-420,板子問題,研磨不均,主軸水平有誤差易造成研磨不均之情形,"更換、保養、校正內容如下:
設備T10002: 主軸、主軸培林、擋蓋培林、背壓輪、背壓輪培林(前後)、操作側線性滑軌、主軸水平測試
設備T10022:背壓輪、背壓輪培林(前後)、主軸水平測試",,
HGT-420,主軸,刷輪無法拆卸,因客戶有常試拆除刷輪導致主軸部受損,"人員進場查修、更換內容:
1.主軸、主軸培林
2.擋蓋培林
3.背壓輪、背壓輪培林
4.離合器",,檢查時發現主軸軸套受損變形，人員協助加工修復
HGT-420,刷輪,刷輪無法拆卸,因客戶有常試拆除刷輪導致主軸部受損,"人員進場查修、更換內容:
1.主軸、主軸培林
2.擋蓋培林
3.背壓輪、背壓輪培林
4.離合器",,檢查時發現主軸軸套受損變形，人員協助加工修復
HGT-420,其他工程,裝機工程,運作測試,"進行設備運作測試，進行以下項目:
1.研磨機自動運轉測試
2.水洗烘乾機自動運轉測試
3.研磨機自動整刷功能
4.跑板穩定度測試",,
HGT-420,其他工程,裝機工程,裝機內容,"裝機內容如下:
1.設備定位、水平
2.進、排水接管(AIR)
3.設備接電
4.整理現場環境",,"經現場人員測試水、電正常
明日再次進廠收尾、試研磨"
HGT-420,板子問題,漏磨情況,壓制輪嚴重刻溝，以及主軸皮帶磨耗嚴重，也發現主軸皮帶沒有掛在馬達的皮帶輪上，可能導致主軸打滑,"更換壓制輪
進行250K保養",,
HGT-420,板子問題,漏磨情況,檢查以下項目,"人員檢查問題如下:
1.入料SENSOR位置確認
2.編碼契作動確認
3.單向培林動作確認
4.鍊條有無跳齒之情形
5.出入料皮帶張力之確認",,
HGT-420,SENSOR,水洗機跳卡料,水洗機入料口SENSOR髒污以及偵測靈敏度較低,"進行清潔與靈敏度調整
",,
HGT-420,傳動,水洗機跳卡料,水洗機入料口SENSOR髒污以及偵測靈敏度較低,"進行清潔與靈敏度調整
",,
投收板機,傳動,卡板異常,網路線損壞,投收料機更換網路線,,
HGT-420,SENSOR,原點復歸異常,微動開關座螺絲鬆脫導致升降刷無法正常運作,微動開關調整至定位、更換螺絲,,
HGT-420,設備異常,原點復歸異常,微動開關座螺絲鬆脫導致升降刷無法正常運作,微動開關調整至定位、更換螺絲,,
HGT-420,人機介面問題,耗損介面異常,,查修時發現耗損%數部會有變化，懷疑記憶體已滿導致後台參數異常,,LGM-006因耗損介面異常，人員查修，查修時發現耗損%數不會有變化，懷疑記憶體已滿導致後台參數異常，待後續回廠討論
HGT-420,傳動,皮帶偏擺,皮帶支撐輪損壞造成軸心無法置中,"LGM-001更換項目如下:
1.皮帶(綠/白)新
2.皮帶支撐輪(從舊品上拆除沿用)
LGM-002 500K保養工程如下:
1.主軸、主軸培林、擋蓋培林
2.背壓輪、背壓輪滾動培林、背壓輪培林座陪林
3.皮帶模組(出入料端)
4.壓制輪
",經現場人員測試，待推桿裝回測試,
HGT-420,板子問題,追板異常無法復原,"入料SENSOR位置過高導致
","1.將SENSOR位置調低並測試
",,
HGT-420,設備異常,刷輪過小通知異常,"
刷輪尚未接觸刷輪過小之微動開關故沒跳刷輪過小之警報","1.將SENSOR位置調低並測試
2.刷輪過小手動測試微動開關OK、將過小的刷輪持續自動研磨測試OK",,
HGT-420,刷輪,刷輪過小通知異常,"
刷輪尚未接觸刷輪過小之微動開關故沒跳刷輪過小之警報","1.將SENSOR位置調低並測試
2.刷輪過小手動測試微動開關OK、將過小的刷輪持續自動研磨測試OK",,
HGT-420,板子問題,漏磨情況,單向軸承耗損,"維修保養更換項目如下:
1.主軸、主軸培林、主軸支撐座培林
2.擋蓋陪林
3.背壓輪、背壓輪培林、背壓輪培林座培林
4.皮帶輪、皮帶
5.單向培林",,
HGT-420,異音,主軸運轉有異音,單向軸承耗損,"維修保養更換項目如下:
1.主軸、主軸培林、主軸支撐座培林
2.擋蓋陪林
3.背壓輪、背壓輪培林、背壓輪培林座培林
4.皮帶輪、皮帶
5.單向培林",,
HGT-420,主軸,主軸打滑,單向軸承耗損,"維修保養更換項目如下:
1.主軸、主軸培林、主軸支撐座培林
2.擋蓋陪林
3.背壓輪、背壓輪培林、背壓輪培林座培林
4.皮帶輪、皮帶
5.單向培林",,
HGT-420,設備異常,漏水,電磁閥損壞,"更換補水電磁閥
",,
HGT-420,傳動,水洗機傳動張力不足,傳動鍊條有跳齒之情況,"鍊條張力調整
",現場測試正常,
HGT-420,板子問題,研磨不均,單向軸承無法確實咬合皮帶,更換單向軸承,更換單向軸承後開啟自動研磨200片後未見異常，持續追蹤觀察,
HGT-420,刷輪,刷輪直徑差異過大,,"
刷輪過小警報位置矯正，將警報統一校正制約直徑55mm報警",,
水洗烘乾機,SENSOR,水洗機記片數異常,水洗機入片不計數,查修後發現人機介面開關功能被關閉開啟後測試可正常記片,,
HGT-420,其他工程,機台改造,水洗烘乾機改成數位水錶頭,"增加彎頭讓數位錶頭可以從上方直接升出，避免卡在外蓋
",,"1.入場安裝數位錶頭發現換上後無法蓋上，經討論後擇日再入廠安裝
2. 03/12機械式浮球開關已損壞需報價 "
HGT-420,主軸,研磨時主軸停止,初步判斷單向培林中的鍵有磨損,更換鍵後現場測試OK,,"原點SENSOR建議更換，因找原點時訊號不穩定，易導致無法加壓、主軸原點不正確
"
HGT-420,自動狀態異常,研磨時主軸停止,初步判斷單向培林中的鍵有磨損,更換鍵後現場測試OK,,"原點SENSOR建議更換，因找原點時訊號不穩定，易導致無法加壓、主軸原點不正確
"
HGT-420,主軸,研磨時主軸停止,經檢查後發現為主軸單向軸承及鍵磨損導致,"今日更換單向軸承、鍵、皮帶輪等部件
",,
HGT-420,自動狀態異常,研磨時主軸停止,經檢查後發現為主軸單向軸承及鍵磨損導致,"今日更換單向軸承、鍵、皮帶輪等部件
",,
HGT-420,設備異常,操作側晃動,,"1.更換滑塊(擺動)
2.更換線性(導軌)",現場測試OK,出入料皮帶建議更換，有磨損情形，主軸與單向培林建議更換
HGT-420,設備異常,研磨水氣太重,,"更換研磨機操作側及馬達測門板，並於門板上開若干長孔避免水氣累積
",測試正常,
HGT-420,板子問題,板子有刮傷,壓板滾輪有受損導致,更換壓板滾輪,更換壓板滾輪後刷磨機出板無刮傷,烘乾水洗到收板還是會有刮傷 待觀察
HGT-420,設備異常,研磨電流異常,主軸變形、原點SENSOR訊號傳遞有衰減狀況,"經客戶端討論改為接近式SENSOR
",料件更換完測試正常,
HGT-420,SENSOR,原點SENSOR異常、研磨中異常不刷板,主軸變形,"1.調整太陽片SENSOR照射距離
2.調整水洗機入料橋階段高度",,
HGT-420,設備異常,調壓異常,齒輪箱齒輪損壞,"齒輪箱齒輪損壞更換料件如下
1.操作側齒輪組
2.馬達測齒輪組",,
HGT-420,設備異常,設備跳點異常,經檢查發現傳動馬達接電箱裡有水氣導致異常,更換傳動馬達,,
HGT-420,板子問題,研磨破片,,"檢查後發現以下零件損壞:
1.主軸機構
2.背壓滾輪
3.壓制滾輪",,
HGT-420,SENSOR,原點SENSOR改造,因客戶需求進行原點SENSOR改造作業,"因客戶需求進行原點SENSOR改造作業，執行以下動作:
1.更換SENSOR固定座
2.更換原點SENSOR
3..卸除太陽輪片固定襯套
4.定位太陽輪片及原點SENSOR相對位置
以上部件更換完成後測試一切正常",,
HGT-420,設備異常,"ON/OFF異常
",鍊條過鬆,機台鍊條調整鬆緊,,
HGT-420,設備異常,"譯碼器數值歸零
",鍊條過鬆,機台鍊條調整鬆緊,,
HGT-420,板子問題,研磨不均,,"發現主軸位置不對、調整水平


",,
HGT-420,自動狀態異常,自動狀態下無加壓,出料皮帶張力輪培林損壞，導致譯碼器脫落，進而無法研磨,"今日進行搶修並更換以下料件:
1.主軸軸心、培林、單向軸承、皮帶輪
2.出料皮帶張力輪、培林及培林座
3.皮帶輪、軸心、培林及軸封
4.輸送皮帶、皮帶導正輪
以上料件更換完畢後測試一切正常",,
HGT-420,板子問題,研磨破片,今檢查研判為皮帶延展造成張力不足,"今檢查研判為皮帶延展造成張力不足，執行以下調整:
1.進出料皮帶張力調整
2.進出料皮帶檯面水平調整
3.壓制滾輪壓制力調整
調整後測試一切正常",,發現10CCWR出料及2CCWR進出料SENSOR皆非本廠料件，請更換回原廠廖健SENSOR避免無法預測之情形發生
HGT-420,傳動,板子與背壓輪間隙,今檢查研判為皮帶延展造成張力不足,"今檢查研判為皮帶延展造成張力不足，執行以下調整:
1.進出料皮帶張力調整
2.進出料皮帶檯面水平調整
3.壓制滾輪壓制力調整
調整後測試一切正常",,發現10CCWR出料及2CCWR進出料SENSOR皆非本廠料件，請更換回原廠廖健SENSOR避免無法預測之情形發生
HGT-420,警報,水洗機警報卡料,查修時發現水洗機入料口SENSOR髒污以及偵測靈敏度較低，人員對 SENSOR進行清潔與靈敏度調整，當下已告知USER SENSOR需定期清潔,"人員進廠查修更換LGM-001主軸皮帶以及更換LGM-005投收料機網路線
",,
HGT-420,設備異常,水洗機警報卡料,查修時發現水洗機入料口SENSOR髒污以及偵測靈敏度較低，人員對SENSOR進行清潔與靈敏度調整，當下已告知USER SENSOR需定期清潔,"人員進廠查修更換LGM-001主軸皮帶以及更換LGM-005投收料機網路線
",,
HGT-420,投收料機,投板卡料異常,,"人員進廠查修更換LGM-001主軸皮帶以及更換LGM-005投收料機網路線
",,
HGT-420,刷輪,"各編號機台的刷輪消耗程度不一
","刷輪過小警報位置差異
",將刷輪過小警報統一校正制約直徑55mm報警,,"調整研磨機編號:
LGM-001~LGM-009"
HGT-420,SENSOR,水洗機計片數異常,人機介面功能被關閉,水洗機入片不計數，查修後發現人機介面開關功能被關閉，開啟後測試可正常計片,,
HGT-421,設備異常,水洗機計片數異常,人機介面功能被關閉,水洗機入片不計數，查修後發現人機介面開關功能被關閉，開啟後測試可正常計片,,
HGT-420,傳動,皮帶打滑,皮帶培林、壓花輪磨損,更換出入料皮帶模組,"現場人員測試正常
觀察量產3批研磨正常",
水洗烘乾機,其他工程,水洗烘乾機要改成數位水表頭,,"討論方案如下
1.增加灣頭讓數位錶頭可以從上方直接升出，避免卡在外蓋
2.原錶頭到外蓋的距離 3號機12cm 12號機8.5cm 21號機13cm",,"1.今日入廠安裝，發現數位錶頭換上後外蓋無法蓋上，經討論後擇日再進廠進行安裝
2.討論方案還需帶回公司討論是否可行，在與文華聯絡進廠時間
3. 03、12機械式浮球開關已損壞，需報價
"
HGT-420,設備異常,水洗機異常,經由檢查確認為整板段驅動軸心變形,"更換項目:
1.驅動軸心x1
2.整板段皮帶x1(客戶提供)",,
HGT-420,設備異常,水洗機烘乾的整板段異常,"經入廠檢查發現
1.皮帶磨損
2.驅動軸變形(整板段)",調整過後以復歸可生產、更換整板段軸心,,
HGT-420,其他工程,水洗烘乾機整修,,"更換項目:
1.水洗段上下滾輪
2.烘乾段上下滾輪
3.整板段下滾輪
4.水洗海綿輪(上、下)
5.驅動齒輪
6.入料自重輪
7.傳動齒輪",,與hgt-420/12串聯
HGT-420,主軸,主軸或主軸培林受損,馬達測主軸軸心磨損及單向軸承磨耗導致,"更換項目如下:
1.主軸x1
2.主軸培林x1
3.6303培林x1
4.皮帶輪總成x1
5.擋蓋培林x1
",,
HGT-420,主軸,主軸或主軸培林受損,,"保養工程更換內容如下:
1.主軸軸心、主軸培林、主軸離合器
2.擋蓋培林
3.背壓滾輪、背壓滾輪培林、油封",,
HGT-420,警報,伺服器異常警報,,"更換以下零件:
1.操作及馬達側齒輪箱及迴轉軸
2.操作及馬達測齒輪箱BG渦輪
3.操作及馬達測齒輪箱窩輪軸組
4.操作側及馬達測齒輪箱 51104、6302ZZ、6811ZZ培林
5.馬達側齒輪箱尼龍齒輪",,
HGT-420,設備異常,伺服器異常警報,,"更換以下零件:
1.操作及馬達側齒輪箱及迴轉軸
2.操作及馬達測齒輪箱BG渦輪
3.操作及馬達測齒輪箱窩輪軸組
4.操作側及馬達測齒輪箱 51104、6302ZZ、6811ZZ培林
5.馬達側齒輪箱尼龍齒輪",,
HGT-420,其他工程, 離合器式主軸改造,," 今日進行離合器式主軸改造，更換項目如下:
1.離合器式主軸軸心
2.離合器式主軸支撐培林座及培林
3.主軸培林
4.主軸馬達皮帶輪
5.離合器總成
6.原點近接開關、固定板及墊片
7.新增離合器控制線組
8.更新離合器式主程式",,
HGT-420,設備異常,良率異常,背壓輪磨損,"1.更換HGT-420背壓滾輪
2.更換加長橢輪固定座X2",,壓鏈條固定座支撐力不足，容易跳齒，與客戶討論後達成共識改善方式，待後續進廠量測料件尺寸
HGT-420,異音,"擺動有異音
","進行以下動作:
1.檢查滑塊培林 ok
2.檢查線性滑軌 ok
3.微調主軸位置",調後測試異音消失，狀況排除,,
HGT-420,設備異常,無法產生電流,單向培林磨損，導致主軸無法研磨進而無法產生電流,更換單向培林後應可排除,,
HGT-420,板子問題,研磨破片,,"進行以下調整
1.出料皮帶端水平校正
2.入、出料壓制輪壓制力校正",,"提供以下建議:
1.準備部分校正用陶瓷基板，避免使用NG板進行校正
2.另建議壓制輪改回海綿式並定期更換壓制輪以確保壓制效果"
HGT-420,異音,研磨時有共振聲,主軸有損耗造成有共振聲情況,,發現共振聲部不影響研磨品質，待觀察,
HGT-420,板子問題,飛板,,"1.更換壓板滾輪X2
2.另點檢0019CCWR，建議進行半年度保養
3.0018CCWR設備也須進行皮帶機構保養",,
HGT-420,板子問題,板裂,,"1.更換壓板滾輪X2
2.另點檢0019CCWR，建議進行半年度保養
3.0018CCWR設備也須進行皮帶機構保養",,
HGT-420,傳動,研磨過程寸動,,"1.更換壓板滾輪X2
2.另點檢0019CCWR，建議進行半年度保養
3.0018CCWR設備也須進行皮帶機構保養",,
HGT-420,板子問題,漏磨情況,"查修項目如下:
1.出入料SENSOR是否有閃滅之情形/無
2.壓制倫壓制力道是否不夠或太重/無
3.ON/OFF是否需調整/否
4.編碼器作動是否正常/正常
5.出入料皮帶傳動是否順暢/否",鍊條的張力過鬆導至有跳齒之情形,,本次查修及量產觀察為鍊條的張力過鬆導至有跳齒之情形，已將鍊條的張力調至適當，並持續量產觀察且確認無漏磨之情形
HGT-420,設備異常,機台無法正常啟動,繼電器鬆脫導致短路,更換24V供電器、保險絲，繼電器復歸,,
HGT-420,傳動,皮帶偏擺,經檢查皮帶張力不足、皮帶有裁切、不平整之情形,"1.將出入料皮帶模組更換新品，並將皮帶張力調整至定位
2.指導現場人員調整皮帶張力及檢視皮帶偏擺位置",現場人員測試OK,
HGT-420,傳動,皮帶打滑,經檢查皮帶張力不足、皮帶有裁切、不平整之情形,"1.將出入料皮帶模組更換新品，並將皮帶張力調整至定位
2.指導現場人員調整皮帶張力及檢視皮帶偏擺位置",現場人員測試OK,
HGT-420,板子問題,研磨不均,主軸受損造成,"進行季保，更換以下項目;
1.主軸X1
2.主軸培林X1
3.6303培林X1
4.單向培林(皮帶輪總成)X1
5.擋蓋培林X1
",,
HGT-420,異音,研磨時有異音,主軸受損造成,"進行季保，更換以下項目;
1.主軸X1
2.主軸培林X1
3.6303培林X1
4.單向培林(皮帶輪總成)X1
5.擋蓋培林X1
",,
HGT-420,SENSOR,原點SENSOR異常,查修時發現主軸支付沒鎖，單向軸承固定螺絲沒鎖，太陽輪片位置錯誤，詢問發現人員有私自做拆裝查修,主軸變形以做更換,,
HGT-420,SENSOR,原點復歸異常,微動開關損毀無法找原點,進廠更換三顆微動開關，更換前已請日月光人員做PLC亂復歸,,
HGT-420,板子問題,研磨破片,,經討論進行250k保養,,
HGT-420,自動狀態異常,機台自動中刷輪極限動作,微動開關損壞,更換微動開關,,
HGT-420,刷輪,機台自動中刷輪極限動作,微動開關損壞,更換微動開關,,
HGT-420,板子問題,研磨痕跡明顯,進出料SENSOR以水氣入侵導致作動不良,"1.更換進出料SENSOR
2.調整壓制滾輪壓力",,
HGT-421,髒污,研磨痕跡明顯,進出料SENSOR以水氣入侵導致作動不良,"1.更換進出料SENSOR
2.調整壓制滾輪壓力",,
HGT-420,設備異常,伺服器異常,主軸變形,"更換項目如下:
1.主軸X1
2.主軸培林X1
3.皮帶輪總成X1
4.擋蓋培林X1",,
HGT-420,異音,擺動有異音,,"更換以下料件:
1.擺動機構模組(一對一交換)","1.零件更換完後測試正常
2.點檢設備所有機構總成均正常",
HGT-420,異音,擺動有異音,正常損耗造成培林與擺動有間隙，導致機台作動時有異音,人員更換擺動模組,"1.更換完後手動測試正常
2.機台交還給現場人員進行量產觀察","訂單部分料件因客戶端已自行更換，所以以下料件已當場清點交給客戶當備品
交付料件如下:
1.擋蓋培林
2.主軸培林
3.主軸支撐培林
4.ANO5螺帽"
HGT-420,設備異常,機台無法運轉,離合器耳朵斷裂導致,"更換以下項目:
1.離合器
2.主軸軸心
3.主軸培林
4.6303培林",,
HGT-420,SENSOR,原點SENSOR異常,主軸離合器無動作，判定不良,更換新品、不良交換後測試OK,,
HGT-420,傳動,皮帶偏擺,研判為新皮帶延展,今日校正完畢後測試正常,,
HGT-420,板子問題,研磨不均,經確認可能為他家刷輪的相關問題導致研磨不均之情形,"1.更換新的陶瓷刷輪進行調整主軸水平
2.確認原點SENSOR作動正常
3.確認人機顯示刷輪位置，研磨電流正常
4.刷輪整刷
5.更換本司刷輪，確認主軸水平、刷痕",,
HGT-421,刷輪,刷輪空刷、有異音,主軸變形,"更換以下料件:
1.主軸總成
2.背壓輪總成
調整內容如下:
1.主軸水平
2.各部件擦拭回裝",,今日程控人員查修並無相關異常狀況，請客戶若片數提興到達按下生產累計消除片數里程即可，若後續還有未能消除請客戶第一時間記錄下來
HGT-420,警報,"生產頁面之片數提醒刷輪更換通知無法消除
",,程控人員查修並無相關異常狀況，請客戶若片數提醒到達，按下生產累計消除片數里程即可,,今日程控人員查修並無相關異常狀況，請客戶若片數提興到達按下生產累計消除片數里程即可，若後續還有未能消除請客戶第一時間記錄下來
HGT-420,警報,更換刷輪警報,機台反覆顯示更換刷輪,"1.查修時進行微動開關訊號整理，確認生產條數是否超過，人員對條數進行歸零測試OK
2.自動測試時發現主軸軸心偏心嚴重，疑似擋水蓋組裝反導致，先暫時調整水平，待後續主軸報價流程",,
HGT-420,傳動,板子太厚無法通過新更換的PU海綿壓制輪,,".將壓制輪壓制力道調小
",,
HGT-420,設備異常,板子太厚無法通過新更換的PU海綿壓制輪,,".將壓制輪壓制力道調小
",,
HGT-420,SENSOR,入料SENSOR異常,,今日更換全新入料端SENSOR,,
HGT-420,設備異常,機台無法量產,主軸與背壓滾輪損壞導致,"本日緊急入廠維修以下料件:
1.主軸軸心、主軸培林組
2.擋蓋培林組
3.主軸離合器
4.背壓滾輪、背壓滾輪培林",,
HGT-420,設備異常,伺服器異常,進行設備檢查,"到現場進行以下動作:
1.手轉主軸順暢並無卡住
2.解除鎖定齒輪箱，用手轉齒輪箱順暢，無異常
3.檢查線性螺絲是否鬆脫，保持氣是否還在，無鬆脫保持器還在
4.檢查伺服器的連軸部分螺絲無鬆脫
5.外圍部分並無異物卡住
6.檢查擋水組是否卡住，無異常
7.手動開啟，加減壓，刷輪交換，無異常",,
HGT-420,SENSOR,"原點復歸異常
",原點SENSOR異常導致,須進行更換,,
HGT-420,SENSOR,電流異常,原點SENSOR異常導致,須進行更換,,
HGT-420,主軸,主軸或主軸培林受損,經檢查後主軸損壞，限動開關卡位易導致機構損壞,"1.更換主軸X1
2.限動開關X1
",,
HGT-420,板子問題,研磨不到,"1.刷輪狗骨頭現象導致原點位置不一，致使研磨輪磨背壓輪產生電流而無研磨到產品
2.檢查發現主軸軸心有變形情況，另確認異常紀錄有伺服器異常警報，研判可能有異常受力導致","1.更換一新研磨輪後測試狀況排除
2.建議更換主軸",,
HGT-420,板子問題,研磨破片,背壓滾輪有受損,更換背壓滾輪調整三點水平,,
HGT-420,板子問題,板子歪斜,背壓輪刻溝、主軸損壞,"本次維修內容如下:
1.主軸軸心、主軸離合器
2.培林6006ZZ、6905ZZ
3.背壓滾輪培林6002/2NK
4.背壓滾輪油封TC17326、TC17305",,
HGT-420,機構異常,投板機氣壓缸運轉不順,投板機氣壓缸運轉不順、有異音,"投板機
1.取料氣壓缸運轉不順暢及運轉異音，須於氣壓缸軌道上上油潤滑後狀況才能減輕
2.料匣移載亦有同樣情況及氣壓缸軌道運作時有偏移狀況
收板機:
1.夾持氣壓缸運轉不順，需上油潤滑軌道狀況才能減輕",,以上狀況將與原設備設計技師討論解決方案
HGT-420,異音,投板機氣壓缸運轉有異音,投板機氣壓缸運轉不順、有異音,"投板機
1.取料氣壓缸運轉不順暢及運轉異音，須於氣壓缸軌道上上油潤滑後狀況才能減輕
2.料匣移載亦有同樣情況及氣壓缸軌道運作時有偏移狀況
收板機:
1.夾持氣壓缸運轉不順，需上油潤滑軌道狀況才能減輕",,以上狀況將與原設備設計技師討論解決方案
HGT-421,設備異常,投收板機異常,投板機氣壓缸運轉不順、有異音,"投板機
1.取料氣壓缸運轉不順暢及運轉異音，須於氣壓缸軌道上上油潤滑後狀況才能減輕
2.料匣移載亦有同樣情況及氣壓缸軌道運作時有偏移狀況
收板機:
1.夾持氣壓缸運轉不順，需上油潤滑軌道狀況才能減輕",,以上狀況將與原設備設計技師討論解決方案
HGT-420,警報,警報伺服器異常,檢查伺服器馬達機構與齒輪箱接合齒輪過密，研判可能為此導致伺服器馬達過載而報警，今將接合齒輪間隙調整後測試，一切正常,"今檢查以下項目:
1.操作側及馬達側齒輪箱內部個軸承，無異常
2.操作側及馬達側齒輪箱內部銅齒輪，無異常
3.操作側及馬達側齒輪箱內部渦輪，無異常
4.操作側及馬達側調壓螺桿，無異常
",,
HGT-420,設備異常,警報伺服器異常,檢查伺服器馬達機構與齒輪箱接合齒輪過密，研判可能為此導致伺服器馬達過載而報警，今將接合齒輪間隙調整後測試，一切正常,"今檢查以下項目:
1.操作側及馬達側齒輪箱內部個軸承，無異常
2.操作側及馬達側齒輪箱內部銅齒輪，無異常
3.操作側及馬達側齒輪箱內部渦輪，無異常
4.操作側及馬達側調壓螺桿，無異常
",,
HGT-420,板子問題,研磨不到,評估是背壓滾輪刻溝造成,"由致壘出貨料件進行維修，更換料件如下
1.背壓滾輪D2341X1
2.培林6002 B696X1
3.油封TC17305 T2253X1",,"經點檢後建議更換項目為:
1.主軸(有刻溝)
2.前後輸送帶皮帶(老化磨損)
3.30度壓制輪(老化刻溝)"
HGT-420,設備異常,設備異常停機,"1.主軸卡死不轉
2.離合器損壞","1.更換備品主軸X1
2.更換備品主軸培林(馬達側)X1
3.更換備品離合器X1
",,
HGT-420,設備異常,顯示伺服器異常,"1.主軸卡死不轉
2.離合器損壞","1.更換備品主軸X1
2.更換備品主軸培林(馬達側)X1
3.更換備品離合器X1
",,
HGT-420,投收料機,橋接段板子歪斜,,製作橋接段壓板輪,,
HGT-420,其他工程,漏電檢查,,"1.接地配置後造成短路
2.檢查店員後發現，三相電源配置為R220、S0V、T220V，為舊形式配置。新形式為R110V、S110V、T110V
3.移除外部連接線路，再測量電箱外殼有帶電，移除接地測試，量測無帶電",,
HGT-420,其他工程,汙水泵浦不作動,使用純水作業無法導通異位電極棒,改造為浮球式偵測,,"客戶反應改進項目:
1.過濾機斷路器改為漏電型加蓋
2..研磨機控箱內加一漏電斷路器及迴路提供給過濾機
3.過濾機控鄉內端子台部分加蓋保護
4.過濾機腳墊加固
以上改造及改進事項將揮期提供改善"
HGT-420,SENSOR,入料SENSOR異常,入料SENSOR有些產品無法判別,降低SENSOR後產品順利讀取,,
HGT-420,其他工程,漏水,"1.擋水板變形導致擋水效果下降
2.於待機或停機時持續給水以致水溢流",更換操作側擋水蓋板,,"1.主軸軸心變形狀況嚴重，不建議設備繼續生產
2.於更換主軸時帶電鑽加工入料SENSOR孔位，入料壓制滾輪補C扣"
HGT-420,其他工程,銅粉過濾機改造,,"今日針對銅粉過濾機進行以下改造工程:
1.控箱更換漏電行斷路器及加保護蓋
2.汙水槽及進水槽異味電極棒更改為浮球式
3.浮球開關電控線路改造",,
HGT-420,傳動,皮帶偏擺,"壓花輪培林損壞/張力不一
",已將備品更換(入出料皮帶模組)並調整皮帶置中、主軸水平,"經人員手動測試ok
現場人員自動測試ok",
HGT-420,設備異常,輕電流研磨(0.02A)研磨會跳刷,,"1.增設研磨電流值補償
2.參數頁面增加一實際研磨值視窗
",更動完成後請USER端進行量產測試，確認後再進行GS202、GS203更動,
HGT-421,自動狀態異常,輕電流研磨(0.02A)研磨會跳刷,,"1.增設研磨電流值補償
2.參數頁面增加一實際研磨值視窗
",更動完成後請USER端進行量產測試，確認後再進行GS202、GS203更動,
HGT-420,自動狀態異常,自動模式下擺動未啟動,與程控人員討論後將Y16接點移除後自動生產正常,將3台PLC程式帶回檢測修改，待程式優化穩定後再灌回研磨機,,
HGT-420,刷輪,刷輪壽命異常,,"1.實況運轉時板尾打刷輪
2.端前56、端後58.5，調校後端前56、端後56.5
",,建議檢查產品生產前再次確定ON/OFF位置
HGT-420,板子問題,飛板,背壓輪損壞(刻溝),更換背壓輪,,
HGT-420,異音,傳動有異音,減速機有異音,更換傳動馬達與減速機,現場測試正常,
HGT-420,設備異常,板後極限異常,"1.更換主軸馬達變頻器
2.更換PLC網路通訊線
3.更換伺服控制器中繼IO模板及連接線",更換以上1、2項後測試狀況未改善，更換第三項後測試狀況有些微改善,,
HGT-420,設備異常,板厚極限異常,背壓輪受損,今日更換背壓輪及馬達側培林,以上測試檢查狀況未排除，將討論後檢查一切可能導致異常之原因,"更換後測試板厚極限異常狀況未解除，進行以下動作測試:
1.檢查主軸活動時是否有異物或髒汙卡住，確認無異狀
2.與第二軸對調IPG模組測試，狀況未解除
3.與第二軸對調伺服控制器測試，狀況未解除
4.檢查調壓各部相關模組、機械結構，檢查一切正常"
HGT-420,異音,主軸運轉有異音,,"與客戶討論後決定直接更換，更換以下料件:
1.主軸軸心
2.主軸培林
3.擋蓋培林
4.6303培林",,
HGT-420,警報,板後極限異常警報,研判可能為連接線鬆脫導致訊號傳送異常,將伺服控制器與I/O匯流排連接線與另一設備交換後測試,,
HGT-421,自動狀態異常,自動狀態下介面刷輪位置數據異常升高。,研判可能為連接線鬆脫導致訊號傳送異常,將伺服控制器與I/O匯流排連接線與另一設備交換後測試,,
HGT-420,警報,"板厚極限異常警報
",,"板厚極限異常:可能為IPG訊號干擾導致，重新整理線槽內部線路，待觀察是否排除此問題。(更換訊號線)

",,
HGT-420,板子問題,漏磨情況,"經檢查，量產板有跳刷之情形
","調整項目如下:
1.出入料皮帶及背壓輪三點水平確認
2.主軸水平確認
3.線性滑軌確認",,
HGT-420,板子問題,研磨不均,,"更改PLC主軸加減壓靈敏度
",,
HGT-420,設備異常,研磨異常,,研磨機PLC原點校正,經現場OP人員確認第一片研磨正常、生產正常,
HGT-420,SENSOR,原點異常,研判為刷輪未鎖緊導致,"本日原點異常檢查如下:
1.原點太陽輪片
2.原點SENSOR確認與清潔
3.原點PLC訊號輸入
4.傳動背壓輪動作
5.刷輪是否鎖緊
6.調壓齒輪箱",,
HGT-420,設備異常,限制電流於空載電流當中即發生異常並停機,"經檢查:
1.主軸轉動有偏心之情況
2.主軸培林轉動不順暢
3.離合器有間隙
4.主軸支撐座培林耗損","今日更換新品，項目如下:
1.主軸、主軸培林、主軸支撐座培林
2.擋蓋培林
3.離合器","經人員手動測試OK
經現場人員自動測試OK",
HGT-420,設備異常,"伺服控制器異常
",,"更換以下料件:
1.伺服控制器
2.伺服譯碼器線",,
投收板機,設備異常,機台無法運轉,收料機變頻器異常,更換變頻器，以及故障變頻器參數設定,,
投收板機,異音,收料有異音,檢查後發現收料機升降馬達運轉時有異音,更換收料機升降馬達,"動作測試無異音
現場測試正常",
HGT-420,刷輪,刷輪壽命異常,檢查後發現刷輪加壓會磨到壓制輪和太晚抬刷導致掃板尾增加刷輪消耗,調整ON、OFF值減少刷磨消耗,,建議更換壓制、背壓輪(已磨損)
投收板機,異音,收料有異音,2022.07.27入廠檢查時發現馬達葉片受損產生的異音,今日進廠進行更換馬達風散葉片,經現場測試動作OK、生產OK,
投收板機,機構異常,彈夾夾具受損(上面的),"經現場判定:
1.彈夾裝反(疑似)
2.夾具沒夾穩
","1.伺服載台馬達力道下修(會有異音訊息)
2.增設上下固定限位塊
3.固定缸更換(已叫料)",,
HGT-420,板子問題,產品有反沾之情況,發現壓制輪有刻溝狀況，懷疑與產品反沾有關,"1.更換壓制輪，材質改為海綿
2.對壓制倫壓力進行調整",,
HGT-420,髒污,產品有反粘之情況,發現壓制輪有刻溝狀況，懷疑與產品反粘有關,"1.更換壓制輪，材質改為海綿
2.對壓制倫壓力進行調整",,
HGT-420,髒污,板背溢膠殘留,,"1.將吹乾段後方較乾淨的吸水海綿輪與前方進行對換，更換後測試有效果但還有些許殘留
2.增加一支出水管進行測試，測試結果較為顯著，與客戶討論後決定增加一個加壓馬達來增加出水壓力來達到可以把溢膠沖洗掉的效果",,
HGT-420,髒污,背板有白色痕跡,,"進行以下調整:
1.清潔噴嘴
2.調整噴嘴角度
3.檢查壓制滾輪及調整(已刻溝)
以上調整測試無法排除，經由討論更換壓制滾輪測試，待備料後安排時間進廠更換測試",,
HGT-421,板子問題,背板有白色痕跡,,"進行以下調整:
1.清潔噴嘴
2.調整噴嘴角度
3.檢查壓制滾輪及調整(已刻溝)
以上調整測試無法排除，經由討論更換壓制滾輪測試，待備料後安排時間進廠更換測試",,
HGT-420,傳動,傳動異常,進行測試後發現變頻器異常,"1.更換新品變頻器MS-300後測試正常
2.舊品帶回給商家判定異常點後回報",,
HGT-421,主軸,主軸異常晃動,經拆解後發現主軸馬達側主軸培林端斷裂,"更換以下零件:
1.主軸軸心
2.主軸培林組
3.主軸支撐培林
4.主軸擋蓋培林組",,
HGT-420,主軸,主軸無法帶動研磨,單向軸承及主軸軸心磨損，主軸培林及6303培林磨損產生間隙,緊急前往更換磨損料件,,
HGT-420,刷輪,各編號機台的刷輪消耗程度不一,客戶反應研磨機各編號消耗程度不一，警報時的研磨輪直徑差異過大,將所有研磨機刷輪過小警報統一校正至約直徑55mm報警(LGM001-LGM009),,
HGT-421,刷輪,各編號機台的刷輪消耗程度不一,客戶反應研磨機各編號消耗程度不一，警報時的研磨輪直徑差異過大,將所有研磨機刷輪過小警報統一校正至約直徑55mm報警(LGM001-LGM009),,
HGT-421,板子問題,研磨不均,背壓輪磨損導致,更換背壓滾輪,,
HGT-421,設備異常,異常停機,因現場操作人員使用不當導致主軸軸心變形,"1.更換主軸軸心
2.三點水瓶做微調整",,
HGT-421,背壓輪,背壓輪刻溝,客戶端裝錯刷輪,"更換以下料件:
1.培林座X1,D2518
2.培林X1,B696
3.T2513油封X1
4.T2253油封X1
5.鏈輪X1,D2514
6.背壓輪",,客戶端有嘗試自行拆解設備，某些部分螺絲沒鎖緊、晃動
HGT-421,傳動,皮帶破損,有螺絲卡在傳動皮帶上,經確認卡皮帶螺絲為M5X25長，在維修過程中機台位偶螺絲掉落，待乾坤設備確認投板機、翻板機螺絲,經現場測試正常,"1.HGT-421/7號機被壓輪刻溝
2.客戶需半年保養、季保養明細和價格"
HGT-421,刷輪,刷輪空轉,經檢查為襯套隻方向有誤造成銅環無法將襯套與主軸迫緊,將刷輪正確安裝方式交給現場人員,,
HGT-421,髒污,板子有髒污,"下噴水管三個噴嘴角度不對以及噴嘴堵塞
","1.噴嘴角度調整
",,
HGT-421,板子問題,板子有髒污,"下噴水管三個噴嘴角度不對以及噴嘴堵塞
","1.噴嘴角度調整
",,
HGT-421,其他工程,2D掃描過亮之問題,在2D掃描階段會因出料阻擋片反光導致掃描錯誤,將出料阻擋片塗黑,,
HGT-421,髒污,背板有白色痕跡,,"調整以下項目:
1.調整下噴嘴角度
2.調整上噴嘴角度
3.調整水壓(目前為2.5KG)
4.上噴嘴更換O環
5.上噴嘴之固定架有斷損造成漏水，已將備品更換上
6.LGM-001機芯卡頭調整",,
HGT-421,板子問題,背板有白色痕跡,,"調整以下項目:
1.調整下噴嘴角度
2.調整上噴嘴角度
3.調整水壓(目前為2.5KG)
4.上噴嘴更換O環
5.上噴嘴之固定架有斷損造成漏水，已將備品更換上
6.LGM-001機芯卡頭調整",,
HGT-420,主軸,研磨電流異常,"經檢查於主軸正刷同時馬達無法正常帶動主軸，馬達啟動同時有打滑現象:
1.BANDO耗損嚴重
2.離合器耗損已無法正常作動",將廠內備品更換至設備,,
HGT-420,自動狀態異常,研磨電流異常,"經檢查於主軸正刷同時馬達無法正常帶動主軸，馬達啟動同時有打滑現象:
1.BANDO耗損嚴重
2.離合器耗損已無法正常作動",將廠內備品更換至設備,,
HGT-421,板子問題,掃板尾,,"1.調整測試:鍊條鬆緊度調整、ON/OFF調整
2.自動研磨測試:異常產品皆為同一批料，基於產品皆無發生類似異常，因異常產品導電及材料、材質不同
3.機台點檢:背壓滾輪刻溝嚴重，主軸培林機構已產生間隙與異音，擺動滑塊已磨損產生間隙",,建議做半年保養
HGT-420,板子問題,"研磨破片
","背壓輪刻溝導致產品研磨過程受力不均易造成破片之情形
","更換、保養、校正內容如下:
主軸、主軸培林、擋蓋培林、背壓輪、背壓輪培林(前後)、操作側線性滑軌、主軸水平測試
",,
HGT-420,SENSOR,原點復歸異常,微動開關座螺絲鬆脫導致升降刷無法正常運作,將設備(LGM-001)之微動開關調整至定位更換新的螺絲鎖,,
HGT-420,設備異常,水洗機計片數異常,刷磨機與水洗機串聯水壓訊號、增加水洗壓力警報，水洗機水壓未達0.3KG時刷磨會跳警報,,,
HGT-420,設備異常,良率異常,背壓輪磨損,"1.更換HGT-420背壓滾輪
2.更換加長橢輪固定座X2",,壓鏈條固定座支撐力不足，容易跳齒，與客戶討論後達成共識改善方式，待後續進廠量測料件尺寸
HGT-420,刷輪,各編號機台的刷輪消耗程度不一,客戶反應研磨機各編號消耗程度不一，警報時的研磨輪直徑差異過大,將所有研磨機刷輪過小警報統一校正至約直徑55mm報警(LGM001-LGM009),,
HGT-421,刷輪,各編號機台的刷輪消耗程度不一,客戶反應研磨機各編號消耗程度不一，警報時的研磨輪直徑差異過大,將所有研磨機刷輪過小警報統一校正至約直徑55mm報警(LGM001-LGM009),,
HGT-421,警報,進行Recipe切換後，第一片板子在研磨中會出現限制電流異常警報,查修時發現研磨深度參數異常,修改參數,,
HGT-421,傳動,皮帶打滑,經檢查發現主軸有刻溝之情形,將鍊條舵輪及傳動馬達放鬆，調整皮帶張力,"皮帶打滑經人員手動測試目前已沒有發生
經現場人員自動測試OK",
HGT-421,設備異常,"ON/OFF異常
",經觀察後發現馬達位置位移造成ON/OFF位置異常,進廠對機台傳動馬達進行加固防止馬達位移,,
投收板機,其他工程,軌道導輪安裝,客戶反應當產品翹曲在行道入出料的軌道中，易造成產品損壞,"新增導輪作壓制確保
",,
水洗烘乾機,設備異常,液位浮球開關異常,經由檢查確認浮球開關損壞,"1.更換液位浮球開關X1
2.協助更換收料機壓制馬達X1",,
HGT-421,板子問題,露底材,調壓螺桿有異音，導致伺服異常之可能因素造成有露底材之情況,"經工程人員查修之情形如下:
1.調整調壓尼龍齒輪與調壓馬達齒輪之間隙
2.裸銅板測試主軸水平之刷痕平均
3.調整調壓模組各部件之間隙
4.調整線性滑軌",,
投收板機,異音,Z軸升降有異音,伺服馬達損壞造成,無備料更換，目前先將伺服馬達轉動軸心上油處理，待廠商備料確定再次進廠維修,,
HGT-421,傳動,皮帶打滑,,"1.使用客戶的備品更換出入料端之皮帶
2.打滑的傳送皮帶帶回廠內檢修
3.更改ON/OFF參數","經人員手動測試Dummy正常
經現場人員自動測試真片正常",
HGT-421,傳動,皮帶打滑,經檢查判定為壓花輪表面紋路異常導致咬合力不足,更換新品壓花輪,"經人員手動測試正常
經現場人員自動測試正常",
HGT-421,板子問題,研磨後出現白邊,,"產品白邊之異狀處理:
  1.更換背壓滾輪
  2.調整研磨水壓",,
HGT-421,髒污,研磨後出現白邊,,"產品白邊之異狀處理:
  1.更換背壓滾輪
  2.調整研磨水壓",,
HGT-421,髒污,研磨後出現白邊,,"1.將皮帶位置調整(高度)
2.水洗機桶曹水更換
3.將吸水滾輪更換新品",,
HGT-421,板子問題,研磨後出現白邊,,"1.將皮帶位置調整(高度)
2.水洗機桶曹水更換
3.將吸水滾輪更換新品",,
HGT-421,電磁波問題,作動時會有電磁波問題,,上次進廠使用不銹鋼板測試，無法達到完全阻斷電磁波的效果，此次使用銅板進行測試,使用銅板後進行手動控制機台進行作動來進行量測，量測結果效果不佳，待後續回廠討論,
HGT-421,設備異常,擋蓋回裝異常,人員進行手動確認時發現主軸間隙較大，且運轉時聲音較大，擺動滑塊操側異音，確認時有發現滑塊鬆動，馬達側線性滑塊鬆動,將鬆動部分鎖固,,
HGT-421,設備異常,客戶反應於更換刷輪將擋水蓋拆除後裝回不好安裝擋水蓋,經檢查確認為原廠出貨有瑕疵，沒有鑽溝槽故無法正常拆裝擋水蓋,,,
HGT-421,傳動,皮帶打滑,,已將新的壓花輪更換上去，發現舊的壓花輪耗損狀態已到達更換標準,"經人員手動測試正常
經現場人員自動測試正常",
HGT-421,設備異常,跳齒,"經檢查發現以下情況:
1.鍊條張力明顯不足
2.馬達鏈輪的位置錯誤","1.將新的鏈條更換並上油
2.張力調整至定位
3.馬達鏈輪位置調整至定位",,
HGT-421,傳動,皮帶打滑,檢查後發現入料端傳動皮帶組壓花輪紋路已磨平,更換入料端傳動皮帶組壓花輪以及調整皮帶,"經人員手動測試正常
經現場人員自動測試正常",
HGT-421,傳動,皮帶破損,"1.經由檢查發現皮帶輪培林爆裂，皮帶轉動時將培林外殼帶入皮帶內
2.因到達損耗提醒無正常作保養計畫導致今日異常發生",,,已跟客戶告知今日維修是暫時復原可生產，但要盡快作例行性保養
投收板機,機構異常,推框旋轉汽缸位置與SENSOR不符,查修發現為推框旋轉推桿程式邏輯有誤,與昇士達人員一同將有誤部分程式重新修改並寫入,,"需備料項目:
1.推框旋轉汽缸
2.旋轉汽缸磁簧開關
3.磁簧開關固定座"
投收板機,機構異常,"推框旋轉汽缸位置與SENSOR不符
",,"1.建議更換旋轉汽缸及SENSOR
2.待備料
3.需帶電腦入廠監控",,請客戶於下次還有發生此情形，將IO監控頁面拍照並提供
HGT-421,刷輪,刷輪過小與刷輪極限之機心卡頭位置太慢反應警報，造成研磨輪沒能夠及時作更換,,"1.使用55mm刷輪調整機芯卡頭刷輪過小、極限的位置
2.聯繫程控人員將刷輪過小之頁面停留於生產過程當中，不要跳回生產狀態
3.刷輪極限程式需更改(刷輪極限警報未正常啟動)
4.極限警報需亮紅燈並停止",,
HGT-421,設備異常,刷輪過小與刷輪極限之機心卡頭位置太慢反應警報，造成研磨輪沒能夠及時作更換,,"1.使用55mm刷輪調整機芯卡頭刷輪過小、極限的位置
2.聯繫程控人員將刷輪過小之頁面停留於生產過程當中，不要跳回生產狀態
3.刷輪極限程式需更改(刷輪極限警報未正常啟動)
4.極限警報需亮紅燈並停止",,
HGT-421,設備異常,SECS後端連線異常,,經檢查TCP IP、TCP埠號更改後須將SECS監控關閉再重新開啟，方可主機端作連線,"因本日進廠現場MIS經理休假，因此無法正常驗證連線。
暫時測試方式:使用電腦連接本廠HOST作連線、測試正常",
HGT-421,刷輪,刷輪位置異常,,以金屬包覆IPG及伺服控制線以達防干擾效果,,
DSM-220,設備異常,刷磨時過負載,經由檢查擺動馬達過熱導致積熱電波跳脫,帶入新品更換,,
DSM-220,刷輪,有偶發性重刷,發現從第三台開始刷輪有狗骨頭的情況，刷痕狀況也有問題，疑似第三台前的轉板機放置位置不對，導致刷輪有狗骨頭異常發生,"一.保養更換項目如下:
 1.驅動齒輪
 2.驅動軸
 3.搬送滾輪
 4.背壓輪
 5.油封
 6.培林
 7.舵輪
二.對20軸刷輪檢查以及對每一軸更換新刷輪進行主軸刷痕測試",,
DSM-220,設備異常,調壓伺服異常,,"1.對微動開關進行訊號測試確認，訊號正常無延遲或不亮的狀況
2.對SENSOR進行手動按壓確認，檢查是否有卡住或不順的問題，確認作動正常
3.確認線材是否有接觸不良或是有破損狀況，確認後正常",,
DSM-220,設備異常,機台不動,傳動馬達方鍵脫落,"1.現場人員說明設備定位腳螺帽鬆脫導致設備在運作時震動，本次問題將在明日保養日進行設備巡檢
2.因前段時間客戶反應機台有不動之狀況，經確認第台傳動馬達方鍵脫落，本次問題將在明日保養日進行設備巡檢，並上螺絲膠",,
DSM-220,異音,"運轉時有異音
",經人員確認，發現擺動軸心磨損，導致機台異音,人員更換20軸第一台1、2、4軸與第二台第4軸擺動模組(共四支),,
DSM-220,板子問題,自動刷痕水平差異過大,檢查發現第二軸齒輪箱連軸器鬆脫,將其鎖緊並重新調整主軸水平,,
DSM-220,自動狀態異常,自動刷痕水平差異過大,檢查發現第二軸齒輪箱連軸器鬆脫,將其鎖緊並重新調整主軸水平,,
DSM-220,異音,雙軸機擺動異音,擺動損壞造成,更換雙軸機第一軸擺動組,,
DSM-220,刷輪,刷輪汙染(陶瓷刷),量產觀察:料號:2616247A04、板厚:1.4mm、尺寸:509.5X509.5、生產條件:NO1~3Pass NO4、5研磨線速1.5m、研磨電流1A、減銅2um,量產觀摩發現該料號固定單邊(馬達側)會有銅絲殘留，殘留機率約90%，此異常狀況對發泡刷影響較小，若是陶瓷刷，此狀況會造成陶瓷刷汙染，進而產生螞蟻腳露底材....等異常,,"建議改善此銅絲殘留問題，避免造成研磨品質異常
"
DSM-220,髒污,刷輪汙染(陶瓷刷),量產觀察:料號:2616247A04、板厚:1.4mm、尺寸:509.5X509.5、生產條件:NO1~3Pass NO4、5研磨線速1.5m、研磨電流1A、減銅2um,量產觀摩發現該料號固定單邊(馬達側)會有銅絲殘留，殘留機率約90%，此異常狀況對發泡刷影響較小，若是陶瓷刷，此狀況會造成陶瓷刷汙染，進而產生螞蟻腳露底材....等異常,,"建議改善此銅絲殘留問題，避免造成研磨品質異常
"
DSM-220,刷輪,刷輪汙染(陶瓷刷),檢查第一台刷輪看見刷輪塊表面上卡銅渣研判磨邊機產生銅絲，導致刷輪汙染造成刮傷露底材,"1.第一台與第三台清潔刷輪及整刷，因量產板板面出現螞蟻腳，整刷無做用現場人員討論後更換2-3軸刷輪
2.單4軸Duberr ON/OFF微調整",,
DSM-220,髒污,刷輪汙染(陶瓷刷),檢查第一台刷輪看見刷輪塊表面上卡銅渣研判磨邊機產生銅絲，導致刷輪汙染造成刮傷露底材,"1.第一台與第三台清潔刷輪及整刷，因量產板板面出現螞蟻腳，整刷無做用現場人員討論後更換2-3軸刷輪
2.單4軸Duberr ON/OFF微調整",,
DSM-220,異音,運轉時有異音,擺動模組磨損產生間隙,"更換擺動模組三組(2,3,4)軸
",,
DSM-220,板子問題,異常刮痕,進行以下調整,"1.二十軸第四台下刷研磨出現異常刮痕，經調整噴嘴角度後測試有明顯改善但仍會發生，將發泡刷換到第三台下刷測試，異常刮痕消失
2.此異常刷痕研判為刷輪研磨掉穴屑後沾附在刷輪上造成除調整噴嘴角度外使用軟性背壓輪也能提供緩衝性，經與貴司長官開會確定更換第二、四台下刷背壓輪(pu)，更換後測試Dummy板50片以上無異常刷痕產生
3.確認第二台、第三台研磨機減銅量，以及20軸全線減銅量，數據已提交現場主管
4.調整20軸第二、三台，以及4F二軸機的刷磨更換警報位置",,"數據:
第三台陶瓷刷1.5m/1.5A 平均減銅:上1.695.下1.809
第二台發泡刷1.5m/1.5A 平均減銅:上2.742.下2.657
20軸全線1.5m/1.5A 平均減銅:上5.908.下5.925"
DSM-220,髒污,異常刮痕,進行以下調整,"1.二十軸第四台下刷研磨出現異常刮痕，經調整噴嘴角度後測試有明顯改善但仍會發生，將發泡刷換到第三台下刷測試，異常刮痕消失
2.此異常刷痕研判為刷輪研磨掉穴屑後沾附在刷輪上造成除調整噴嘴角度外使用軟性背壓輪也能提供緩衝性，經與貴司長官開會確定更換第二、四台下刷背壓輪(pu)，更換後測試Dummy板50片以上無異常刷痕產生
3.確認第二台、第三台研磨機減銅量，以及20軸全線減銅量，數據已提交現場主管
4.調整20軸第二、三台，以及4F二軸機的刷磨更換警報位置",,"數據:
第三台陶瓷刷1.5m/1.5A 平均減銅:上1.695.下1.809
第二台發泡刷1.5m/1.5A 平均減銅:上2.742.下2.657
20軸全線1.5m/1.5A 平均減銅:上5.908.下5.925"
DSM-220,板子問題,板邊折角、斷裂,導板位置偏移,調整導板至正確位置,,
DSM-220,板子問題,"飛板
",第四刷前壓板輪馬達側的壓板90°，壓板彈簧有鬆動狀況,利用束帶將壓板輪與相對應支傳動輪綁起固定後再調整壓板支臂位置及緊固壓板彈簧,,
DSM-220,板子問題,"板邊破裂
",經檢查為第四軸導板位置偏移所導致,"調整導板位置，試走Dummy板30片ok後再跑量產板正常

",,
DSM-220,異音,四軸機發生破裂異音,第四軸動力軸承位置損傷造成,"- 現場確認第四軸問題，初步排除 Dummy 板 30H 卡料問題
- 由客戶安排時間更換第四軸動力軸承
- 建議加強設備保養，預防同類問題

",,
DSM-220,設備異常,20軸機板面整腳有跳動異常,經確認與整列動作設定及模組穩定性相關,#NAME?,,
DSM-220,SENSOR,"20軸第二台出料sensor異常
",進行以下調整,"1.調整sensor靈敏度
2.單4軸Duberr量產觀察0.26板厚，生產條件:1.5傳送0.5研磨電流共生產89片無發生異常
3.教育訓練夜班現場人員拆換刷輪及判斷布刷安裝方向
",,
DSM-220,設備異常,"20軸第二台出料sensor異常
",進行以下調整,"1.調整sensor靈敏度
2.單4軸Duberr量產觀察0.26板厚，生產條件:1.5傳送0.5研磨電流共生產89片無發生異常
3.教育訓練夜班現場人員拆換刷輪及判斷布刷安裝方向
",,
DSM-220,板子問題,"板間距過近可能導致追板
",經由觀察發現板子行徑研磨室時發生寸動,"確認傳送鍊條鬆緊

",,
DSM-220,板子問題,"20軸第二台有刷痕以外的壓痕
",經由測試發現3-4軸做完刷痕退出時撞到導板卡住這時壓板滾輪還在轉動導致板面產生壓痕,導板調整,,
DSM-220,髒污,"20軸第二台有刷痕以外的壓痕
",經由測試發現3-4軸做完刷痕退出時撞到導板卡住這時壓板滾輪還在轉動導致板面產生壓痕,導板調整,,
DSM-220,其他工程,噴水壓力提升測試,,"使用變頻器控制pump壓力，使其噴壓增強觀察噴灑狀況及水槽循環狀況

",,
DSM-220,設備異常,後端機台急停前刷倫設備不會停機,PLC程式異常,"程式修改異常訊號與急停訊號連接
十軸定位確定OK
20-1與前端放板機連線確認",,
DSM-220,設備異常,"板厚偵測異常卡板
",經人員檢查發現板厚偵測滾輪培林已嚴重損壞後,更換滾輪培林,,
DSM-220,板子問題,"板厚偵測異常卡板
",經人員檢查發現板厚偵測滾輪培林已嚴重損壞後,更換滾輪培林,,
DSM-220,板子問題,板子停留造成追板,,將壓制輪座前後對調與前台出料端sensor做清潔,,
DSM-220,異音,擺動有異音,擺動軸心磨損,"1.更換擺動模組X1
2.20軸第四台測試:
  1.ON/OFF確認 測試結果:1~4軸 ON:為調整、OFF:微調整
  2.使用標準刷測試刷幅 測試結果:1軸正常無調整、2.3.4軸微調整",,
DSM-220,異音,自動狀態下有異音,皮帶輪與主軸接合處有擴孔問題,"對機台做調整、加固與保養 保養內容如下:
1.主軸培林
2.擋蓋培林
3.擺動滑塊
4.擺動模組
5.銅鑼母",,
DSM-220,異音,運轉時有異音,擺動培林損耗，固定做螺絲鬆脫，導致運轉異音,"對固定座加固及定位及保養
保養內容如下:
1.主軸培林
2.擋蓋培林
3.擺動滑塊
4.擺動模組
5.銅鑼母",,
DSM-220,刷輪,刷輪直徑校正異常,機心卡座位置異常,"人員對機台更換舊刷輪進行機心卡座位置校正以及對板厚偵測與刷輪直徑進行重行校正
",,
DSM-220,設備異常,刷輪直徑校正異常,機心卡座位置異常,"人員對機台更換舊刷輪進行機心卡座位置校正以及對板厚偵測與刷輪直徑進行重行校正
",,
DSM-220,設備異常,調壓異常,板厚偵測異常,"更換板厚編碼器 且進行校正確認 測試並無異常 進行自動跑Dummy片測試正常
",,
DSM-220,設備異常,智慧工廠反應連線不穩,"疑似網路通訊異常
",更換網路通訊模組,,
DSM-220,設備異常,板厚偵測滾輪運轉不順,板厚偵測培林損壞 ,"更換板厚偵測滾輪培林 一組兩顆
",,
DSM-220,基板捲入,"基板捲入
","
1.發現現場人員在將基板退出時沒有將使得基板在傳送過程有下垂現象，在傳送過程有下垂現象，進而撞導板。
2.經確認捲入原因是第三軸後第四軸前的導板位置偏移導致基板被捲入。","當下有對現場人員說明遇到因後段設備異常的停機退板時都要將刷倫升起，當作輔助輪使用。
對導板位置的正確認識我們會做教育訓練",,
DSM-220,轉向機,"異常停機,導致刷模機停機,基板留在機台內。","
1.發現現場人員在將基板退出時沒有將使得基板在傳送過程有下垂現象，在傳送過程有下垂現象，進而撞導板。
2.經確認捲入原因是第三軸後第四軸前的導板位置偏移導致基板被捲入。","當下有對現場人員說明遇到因後段設備異常的停機退板時都要將刷倫升起，當作輔助輪使用。
對導板位置的正確認識我們會做教育訓練",,
DSM-220,其他工程,漏水處理,噴水管線位PIN公差影響噴水角度,"噴水管座重新鑽孔


",,
DSM-220,其他工程,程式優化,程式優化後可提升找原點之效率,"自動原點程式優化步驟如下:
 1.自動原點時刷輪先加壓
 2.碰到背壓輪後旋轉主軸再退開3S再慢速找原點

",,
DSM-220,板子問題,"飛板異常 
",壓制力道不夠,"設備檢查與調整之項目
1.將壓制滾輪之壓制力道加強
2.不研磨的狀態下放入dummy測試傳動正常無吋動之情形發生",,
DSM-220,設備異常,主軸馬達異常,經檢查後馬達內部有積水之情形培林有鏽蝕等狀況,已將馬達內部曬乾並清潔，更換培林上油,,
DSM-220,設備異常,士林電機轉板設備異常點位訊號交握,,"1.巡檢電控箱與機台端子有無脫落
2.點檢傳動滾輪、壓制滾輪及壓制彈簧、板厚偵測器
3.傳動部滾輪及壓制滾輪表面變質與磨損 
",,
DSM-220,異音,擺動異音,擺動軸心磨損 ,更換擺動軸心,,
DSM-220,板子問題,飛板異常,設備機構檢查 壓制輪 被壓輪與傳動輪 發現有滾輪變質 與不平整的狀況 可能造成壓製不均 導致飛板,"1.設備機構檢查 壓制輪 被壓輪與傳動輪 發現有滾輪變質 與不平整的狀況 可能造成壓製不均 導致飛板
2.ON/OFF 測試調整
3.請現場人員投料測試觀察
4.今日測試dummy板 無發生飛板狀況 待後續觀察
5.secs上拋收據異常 待程控人員進廠確認(無數據資訊)",,
DSM-220,異音,運轉時有撞擊聲,經由檢查第三軸擺動軸心磨損,"更換完成動作測試正常
",,
DSM-220,設備異常,傳動通訊模組接觸不良,查修發現為訊號線脫落導致傳動無法正常運作,客戶已先從新線設備之出料傳動滾輪拆換至一線設備代替使用,,
DSM-220,異音,運轉時有異音,擺動軸心磨損產生異音,"擺動模組更換x2

",,
DSM-220,設備異常,傳動滾輪膠面有軟化及溢質之現象,傳動滾輪及相關耗材耗損之情形已達更換之標準,,,
DSM-220,其他工程,開機時漏水,經由確認設備啟動時刷輪上的水會濺出側面擋蓋,將耐油板加長,,
DSM-220,設備異常,"原點復歸異常
",經檢查後發現繼電器鬆脫,"手動壓緊並反覆確認繼電器與通訊模組無鬆脫
測試自動找原點正常
客戶測試自動找原點，運轉正常，自動生產",,
DSM-220,SENSOR,"原點復歸異常
",經檢查後發現繼電器鬆脫,"手動壓緊並反覆確認繼電器與通訊模組無鬆脫
測試自動找原點正常
客戶測試自動找原點，運轉正常，自動生產",,
DSM-220,SENSOR,"原點復歸異常
","(找到原點後第二軸會持續運轉無法READY)，第二軸在找原點過程中，主軸有轉動到導致機台判定接近被壓輪，而進入最慢連段找原點。
經由確認為變頻線通訊線進行單獨隔絕初步判斷為通訊線受到干擾所致
",進場進行1至4軸通訊線隔絕作業,,
DSM-220,設備異常,"原點復歸異常
","(找到原點後第二軸會持續運轉無法READY)，第二軸在找原點過程中，主軸有轉動到導致機台判定接近被壓輪，而進入最慢連段找原點。
經由確認為變頻線通訊線進行單獨隔絕初步判斷為通訊線受到干擾所致
",進場進行1至4軸通訊線隔絕作業,,
DSM-220,板子問題,飛板異常,確認壓板彈簧及其支臂 發現第四刷前壓板輪馬達測的壓板支臂位置未成90度 壓板彈簧有鬆動狀況,"利用束帶將壓板輪與相對應支傳動輪綁起固定後 再調整壓板支臂位置及緊固壓板彈簧
",,
DSM-220,板子問題,飛板異常,"檢查項目:
1.壓制滾輪表面狀況
2.壓制滾輪培林有無無破損
3.壓制力道
檢查結果
1.壓制滾輪表面無異狀
2.壓制滾輪培林無受損 滾動時順暢
3.壓制力道正常","1.檢查各項目無問題 先將壓製力道增加 避免發生飛板問題
2.目前交還現場 待觀察",,
DSM-220,設備異常,調壓伺服異常,經檢查發現第三軸馬達測調壓齒輪箱不順暢，導致伺服異常,,,
DSM-220,自動狀態異常,自動狀態下作動異常,"經檢查判斷可能為原點SENSOR感應不良
",校正後測試,,
DSM-220,設備異常,"換完參數無法啟動
","判斷為繼電器異常
",更換繼電器,,
DSM-220,板子問題,板頭與板尾留邊過大,"進場進行開機運轉確認
人員在進行AUTO RUU時發現ON/OFF位置錯誤","人員進行ON/OFF調整後進行手
動測試正常",,
DSM-220,設備異常,原點復歸異常,經確認後為刷輪(尼龍)接觸被壓輪後打滑，未產生電流導致,"更換新的尼龍刷輪自動原點測試ok
",,
HGT-430,其他工程,"機台漏水
",噴水角度不在正確位置，導致水往操作側黨蓋溢出,"因目前噴灑角度能吻合生產需求，日後改造擋水護照以防漏水
",,"1.跳齒狀況:已告知客戶須定時檢查，待內部討論後設定規範
2.客戶反應定高度研磨的動作，待與程式人員了解後回應"
HGT-430,其他工程,程式修改,,"1.IO水壓警報修改原點位X16 IO顯示24
2.水壓警報程式相位相反，開水時變OFF無法偵測
3.客戶反應第一軸用手旋轉主軸不順，調正主軸位置",,客戶反應基板接近無警報停機，此功能是當初客戶要求修正，因現場人員無接收此訊息誤以為異常
HGT-430,警報,研磨時有電流過載警報及破片發生,檢查後調整以下數據,"1.板厚設定:經分厘卡量測確定板厚為0.38~0.39mm左右 建議板厚設定值為0.4~0.45mm為最佳板厚
2.發現入料端壓板滾輪壓制機構鬆脫 現已復歸
3.重新校正第一、二軸ON/OFF位置 以上動作執行完畢後測試 一切正常",重新校正ON/OFF位置使用量產板測試發現數值變化有異 將再安排時間檢測程式,
HGT-430,板子問題,研磨時有電流過載警報及破片發生,檢查後調整以下數據,"1.板厚設定:經分厘卡量測確定板厚為0.38~0.39mm左右 建議板厚設定值為0.4~0.45mm為最佳板厚
2.發現入料端壓板滾輪壓制機構鬆脫 現已復歸
3.重新校正第一、二軸ON/OFF位置 以上動作執行完畢後測試 一切正常",重新校正ON/OFF位置使用量產板測試發現數值變化有異 將再安排時間檢測程式,
HGT-430,背壓輪,背壓輪入口第一支時常帶動不到,,"經由檢查發現
1.傳動背壓輪鍊條疲乏
2.固定鍊條壓板座變形
今日進場更換
1.白鐵鍊條x1
2.固定鍊條壓板座x1
",,
HGT-430,傳動,傳動異常,"檢查
1.傳動齒輪
2.傳動鍊條
3.傳動馬達","1.傳動鍊條鬆弛 調整鬆緊
2.傳動入料皮帶偏移及調整到正確位置
",調整完後 手動 自動測試正常,
HGT-430,SENSOR,"入料SENSOR異常
","檢查確認為sensor進水誤檢知

",".今日進廠更換入出口SENSOR
",,
HGT-430,異音,擺動有異音,"擺動異音確認:主軸前後距離不在正確位置
",調整主軸距離,各異常問題處理完成，經由現場人員測試正常,
HGT-430,SENSOR,入料SENSOR異常,檢查發現入料SENSOR水氣入侵,現應急方式為將入出料SENSOR對調，使設備能先行運作，待約定時間前來更換SENSOR(保固),,先將吹氣裝置調整位置由SENSOR端往皮帶端吹氣避免過多水霧進入SENSOR導致故障
HGT-430,警報,伺服異常警報,經檢查了解後判斷為設備無水潤滑導致水切鋒與壁面磨擦增加阻力進而產生超過馬達負載而警報,"1.向客戶端說明並告知開機前使用前使用前先建立水源後測試一切正常(建議水壓:1.2~15kg/cm²)
2.建議客戶端加裝電磁閥控制水來源 可減少此情況發生(若有需要可提供報價)",,
HGT-430,設備異常,伺服異常,"伺服馬達編碼器線材破損造成訊號干擾
","1.人員更換伺服器編碼器線材破損造成訊號干擾
2.機器復歸線路及整理
3.機台手動測是正常
4.投放Dummy自動測試正常",,
投收板機,設備異常,收板機偶發機台不收板導致堆板，也沒有觸發警報異常,,"1.測試吸板汽缸SENSOR動作正常，出入口SENSOR動作正常，開門警報SENSOR動作正常
2.增加PLC保護條件為出入口同遮蔽時會警報
3.吸板汽缸PLC保護機制條件原先就有寫入保護條件測試正常",,
DSM-220,設備異常,停機異常,機台擺動加工件損壞,"本日服務內容如下:
1.更換第一軸擺動加工件
2.調整第三軸線性
3.調整機台腳座",,
HGT-421,髒污,板子有髒污,"經人員檢查設備明細如下
1.研磨設備之下噴嘴賭塞
2.研磨設備之進水管路有許多銅泥、刷輪屑、造成管路賭塞
3.電磁閥(進水)濾網賭塞 作動不正常(已損壞)","清潔及更換之項目如下
1.清潔研磨下噴嘴
2.清潔研磨設備之進水管內髒汙
3.清潔研磨設備電磁閥短路並更換",,
HGT-421,設備異常,研磨機偶發跳故障INVII異常,研判疑似變頻器通訊線路內有斷線,更換變頻上的通訊線並重新壓接頭線尾,,
HGT-420,板子問題,追板,有偶發性發呆沒有任何異常訊號,"經人員檢查及測試項目如下
1.擦拭收料sensor(入料、出料)
2.調整CS-9D(限位sensor)
3.真空氣壓:-82.8
4.以上之動作後有重現此BUG 已將當下之情形(包含sensor及P2C) 拍攝並帶回與程控討論 解決之方案",,
HGT-421,板子問題,追板,有偶發性發呆沒有任何異常訊號,"經人員檢查及測試項目如下
1.擦拭收料sensor(入料、出料)
2.調整CS-9D(限位sensor)
3.真空氣壓:-82.8
4.以上之動作後有重現此BUG 已將當下之情形(包含sensor及P2C) 拍攝並帶回與程控討論 解決之方案",,
HGT-421,刷輪,刷輪磨耗未到指定數值跳磨耗提示,機心卡座位置異常,重新調整機心卡座位置，並油漆筆作記號,,
HGT-421,板子問題,漏磨情況,,"經人員檢查項目如下:
1.傳動編碼器轉動是否正常/正常
2.傳動鍊條是否有寸動支情形/無
3.調壓機構各部件檢查及確認
4.通訊模組(IPG)查限是否脫落(無)
目前尚未找尋到確切之問題所在 客戶有找到暫解之辦法(將參數重新move in) 重新找原點 待下次進場請程控人員協同查詢問題",,
HGT-421,板子問題,產品有水痕,水洗烘乾機的吸水滾輪太髒,更換上、下部吸水滾輪,,
HGT-421,髒污,產品有水痕,水洗烘乾機的吸水滾輪太髒,更換上、下部吸水滾輪,,
DSM-220,設備異常,"水壓異常
","1.經由確認B線第一台水壓下限設定值超過實際值
","1.將水壓下限設定至0.5KG正常
",,
砂帶機,設備異常,不會噴水,2.砂帶機第一台語過濾機管路相接，只要第一台研磨機省水省電時就會發生砂帶機不會噴水。,2.已將第一台研磨機省水省電模式關閉,,
HGT-421,主軸,研磨中主軸一直往上,經檢查和測試後確認因後端保留參數設置過久，使第一枚和第二枚產品的on/off數據產生重疊，進而造成plc錯誤。,"1.今天將點位更改後測試跑約60PCS左右無觸發警報，再請客戶繼續觀察
2.現將後端保留參數調整至正常位置後測試正常",,
HGT-421,自動狀態異常,研磨中主軸一直往上,經檢查和測試後確認因後端保留參數設置過久，使第一枚和第二枚產品的on/off數據產生重疊，進而造成plc錯誤。,"1.今天將點位更改後測試跑約60PCS左右無觸發警報，再請客戶繼續觀察
2.現將後端保留參數調整至正常位置後測試正常",,
HGT-420,設備異常,起始電流及研磨電流異常升高,"經檢查於主軸正刷同時馬達無法正常帶動主軸，馬達啟動同時有打滑現象:
1.BANDO耗損嚴重
2.離合器耗損已無法正常作動",將廠內備品更換至設備,,
HGT-420,設備異常,"客戶反應研磨的實際電流比平常高0.04A
(一般客戶平常觀察的實際電流為1.0A)",擋蓋培林已耗損，造成主軸研磨的阻力加大，故電流有上升之情形產生,,,
HGT-421,板子問題,破片,收料流道與彈匣之間有卡版之情形,"經人員檢查並調整項目:
1.X36 Sensor因產品別無法正常照射道再流道上未完全進入但夾之產品
2.將壓板輪壓制的位置平均分散 以避免板子灣曲過大之產品 降低無法正常產品送入彈匣之風險
3.X36 Sensor 支架已將大小量好 待回廠將支架改造後優化此sensor 功能
4.收板機增加輔助輪",,
HGT-420,自動狀態異常,"自動狀態下不研磨
",1.原本判斷可能是sensor顏色辨識不良。,請客戶端進行off set後恢復正常，後客戶再次反映研磨五分鐘後狀況再次發生，檢查後確認為sensor故障，經掉或後進行更換,,
HGT-421,板子問題,磨邊不乾淨,,協助客戶移動投料機的換料位置，將投放產品的位置置中,,
HGT-420,主軸,主軸與擺動無法動作,"人員查修時發現主軸變形，主軸及皮帶擺動皮帶有龜裂狀況，且皮帶齒輪有磨損。
","1.都更換新品
",,
投收板機,推料異常,調壓伺服異常,經檢查為推桿保護sensor(x36)之照射範圍過短,"將推桿保護sensor(x36)延伸至有效範圍得以預防此狀況發生
新增輔助輪避免彎曲之產品",,
HGT-421,板子問題,漏磨情況,經檢查與變頻器 PLC交握通訊異常,"已將通訊模組更換 巡視迴路是否有沒接好造成接觸不良等情形
",,
HGT-420,機台改造,"今日協同崇生進行RFID偵測功能改造
",,"項目如下
1.各設備增設RFID獨立電源開關
2.各設備電源線路改造
3.各設備RFID防水盒開孔
4.各設備RFID控制盒線路整合",,
HGT-420,板子問題,飛板,經查修後，發現壓制輪力道過輕，導致壓制不確實研磨飛板，以及出料端SENSOR數值異常,人員對壓制輪和SENSOR進行調整,,
HGT-420,刷輪,刷輪打滑問題,"查修時發現T10022皮帶輪鍵槽間隙磨耗，疑似此問題導致刷輪打滑。
T10002離合器螺絲鬆脫，導致可能刷輪打滑","因在保固內，預計12/19進場無償更換，待後續觀察
後續已將螺絲鎖緊復歸，待後續生產觀察",,
HGT-420,板子問題,"研磨不均
",疑似主軸皮帶輪鍵槽間隙磨損導致異常發生,今日人員對T10022機台更換主軸皮帶輪以及單向培林，隨線進行量產觀察。,,
DSM-220,板子問題,運轉時振動導致板子歪斜,判斷為主軸變形造成,"更換以下零件
1.主軸軸心
2.主軸法蘭，軸承
3.主軸支撐培林
4.擋蓋培林組",,
HGT-420,傳動,皮帶破損,疑似培林磨損，導致皮帶破損,進場更換客戶備品,,更換備品時發現帶錯與客戶協商先把舊的裝回另約時間
HGT-420,傳動,皮帶偏擺,疑似培林磨損，導致皮帶跑偏,進場更換客戶備品,,更換備品時發現帶錯與客戶協商先把舊的裝回另約時間
DSM-220,板子問題,減銅量過多,查修時發現進行板厚校正時，數值異常，無法校正，人員對編碼器進行手動測試發現，兩片檢知異常可以正常觸發，以及線性感應器初始值也有正常跳動，疑似plc異常導致板厚偵測異常,此問題待反廠討論，待後續程控人員進廠確認，後續會準備plc以及碼器備品以備更換,,
HGT-420,刷輪,刷輪位置會異常升高,研判應為背壓滾輪刻溝，導致研磨工件不平造成刷輪位置誤判,"檢查以下部件:
1.投板間距無異常
2.入料sensor作動正常
3.背壓滾輪磨損以刻溝",,
DSM-220,設備異常,"冷卻系統異常
","一.冷卻系統
1.檢修發現廠內白鐵儲水塔內沉水馬達控制開關異常跳脫
2.沉水馬達拆下檢修發現內部葉片咬死脆化","一.冷卻系統
1.預備到新品做更換，更換完啟動冷卻系統正常
2.內外水塔均有銅泥沉澱物循環時水很渾濁，建議安排一天停機時間將兩水塔放水清洗，再重新放水補滿，減低沉水馬達故障率

",,
DSM-220,板子問題,研磨吋痕,檢查驅動及傳動齒輪，發現驅動之傳動傘齒皆有磨損現象 ，研判為傘齒磨損產生間隙造成吋動,"建議更換驅動及傳動齒輪 
",,
HGT-420,傳動,傳動鏈條斷裂,查修時發現因客戶傳動鍊條舵輪螺絲鬆脫，導致鍊條卡到舵輪拉斷,更換傳動鍊條,更換完後手動測試正常，後續將機台交還給現場,
HGT-420,板子問題,飛板異常,經查修發現因機台厚薄板切換較頻繁導致壓制輪產生間隙 ,人員對內外壓制支臂進行調整,手動測試正常 自動測試正常,
HGT-420,傳動,卡板異常,senser異常，時間周期調整後正常,"1.壓制輪檢查OK
2.背壓輪檢查OK
3.傳動鍊條檢查OK
4.senser異常，時間周期調整後正常",,
HGT-420,板子問題,研磨不均,經確認為馬達測主軸軸心磨損及單向軸承磨耗導致,今日一併進行季度保養及更換操作側擋水板組,,
HGT-421,刷輪,刷輪過小警報,刷輪過小警報異常為快速sensor因尾氣導致接觸不良未觸發，造成刷輪持續加壓，觸發刷輪過小警報。,已將sensor水氣處理乾淨，並重新接線。,,
DSM-220,板子問題,飛板異常,檢查發現傳動機構齒輪有間隙,"進行以下處理:
1.調整一~四軸傳動齒輪
2.調整一~四軸背壓滾輪齒輪",調整後測試無異常,建議持續觀察，若再有相同狀況發生，則建議進行傳動機構整修
HGT-421,設備異常,無法拆換刷輪,進場查修時發現因客戶設備長時間未使用設備，且未定時保養拆卸刷輪導致主軸軸套以及刷輪因水密封造成無法拆卸的問題,後續只能先破壞刷輪後對軸套進行敲擊拆卸,後續機台交還給現場,
DSM-220,傳動,卡板異常,查修時發現板厚偵測器培林損壞導致作動不順卡板,更換料件,,
HGT-421,其他工程,排水管支撐改善,,"1.排水管共3個點須支撐防護
2.使用角鐵及管夾做支撐固定，預先良好尺寸高度並裁切
3.裁切完入場施工使用電鑽打地面並將角鐵支撐架固定及完工",,
DSM-220,設備異常,伺服器異常,檢查後發現第一軸主軸卡死及齒輪卡死，另發現*36限動開關故障，研判為*36限動開關故障導致主軸無法停止在刷輪交換位置，造成伺服器一跳脫,"更換以下零件
1.限動開關*1
2.馬達測齒輪箱組*1(高特補品)
",以上零件更換完成後測試一切正常,齒輪箱拔下後發現，外殼已破裂無法修復，報廢處理
EDM-260,自動狀態異常,自動狀態下傳送段停止,智能表讀回數值異常，導致PLC運算超出負荷造成異常,"1.更換背壓滾輪
2.增加防呆機制，生產中傳送段或是研磨輪其中一項沒有作動則立即警報停止",,
HGT-421,人機介面問題,客戶反應設備投、收料機時間有誤,經檢查人機介面無法自行喚出主程式調整時間,人員使用電腦讀取人機介面修改,,
HGT-421,設備異常,客戶反應設備投、收料機時間有誤,經檢查人機介面無法自行喚出主程式調整時間,人員使用電腦讀取人機介面修改,,
HGT-421,人機介面問題,投收料機人機介面時間有誤,人員插電腦讀取人機訂正時間,WBF-153研磨設備人機時間訂正,,
HGT-421,設備異常,投收料機人機介面時間有誤,人員插電腦讀取人機訂正時間,WBF-153研磨設備人機時間訂正,,
HGT-421,人機介面問題,研磨時間有誤,,調整PRO-FACE時間及教學調整辦法,,
DSM-220,設備異常,調壓異常,,"1.先確認異常警報是否還有發生其他異常
2.手動測試抬降刷動作
3.發現作動不順，以及調壓螺桿孔洞內有螺絲
4.異動排隊後，再次手動測試確認作動順暢
5.進行刷痕測試正常，作動正常，機台賦歸交還給現場",,
DSM-220,設備異常,"調壓異常
2.查修動作如下:
先確認異常警報無發生其他異常
手動測試抬降刷動作不順
確認外部機構無異常
",將擋蓋以及擋水蓋組拆卸時發現擋水蓋組內側快因磨損以及髒汙卡住，導致作動不順,,排除後手動、自動測試正常，機台復歸後交還給現場,
DSM-220,設備異常,過熱異常,查修時發現第一軸過熱原因為黨蓋培林作動不順導致主軸過熱,因客戶端與廠內均無現貨備品，暫時先重新安裝黨蓋校正位置以及先上油進行潤滑,,待後續備品道或進行更換測試
EDM-260,板子問題,產品損壞,前刷磨傳動停止造成,"設備損壞狀況:
#1#3背壓輪損壞，#4輕微磨損
處置:
目前程式增加防呆機制，生產中傳動及刷輪其中一個沒動就停機異常(還未完成)
",,
HGT-420,異音,自動狀態下有異音,查修過程發現是擺動固定做螺絲鬆脫，導致有撞到,人員重新調整正軸與原點sensor以及擺動座位置,,
HGT-420,自動狀態異常,自動狀態下有異音,查修過程發現是擺動固定做螺絲鬆脫，導致有撞到,人員重新調整正軸與原點sensor以及擺動座位置,,
HGT-420,板子問題,"產品吃單邊
","LGM-001研磨產品的位置(產品之左右邊)有吃單邊的情況
","將假片用奇異筆作記號後投入研磨機，判斷投料之位置是否有偏差。將投板機之投板位置校正及確認收板沒問題
",,
HGT-421,板子問題,"產品吃單邊
","LGM-001研磨產品的位置(產品之左右邊)有吃單邊的情況
","將假片用奇異筆作記號後投入研磨機，判斷投料之位置是否有偏差。將投板機之投板位置校正及確認收板沒問題
",,
HGT-421S,警報,水錶壓力上下限值經常警報異常,數值異常,"人員手動排除並調整水錶上、下限壓力值
上限=3.0kgF/cm^2
下限=0.8kgF/cm^2",,
EDM-260,背壓輪,背壓輪損壞,因通訊失聯造成前段清潔之背壓輪受損,將受損之背壓輪(含傳動輪)更換新品，前清潔段共2支背壓輪,經人員手動測試傳動及自動零點及研磨測試正常，經現場人員測試OK,
HGT-420,設備異常,"研磨設備異常
","客戶反應研磨電流異常,偶發研磨不均狀況","1.背壓輪更換-調整前後培林及油封
2.鍊條張力調整(t10031 研磨累計:026877pcs)
3. 因客戶使用0.01A 研磨,此外加工鈑件過小,故研磨不均屬正常現象,後續我司建議增加電流補償功能,以解決此問題,待客戶後續討論.","已排除
",簽單:202509010004
EDM-260,設備異常,"EDM-260 設備異常確認
1.設備底部反應漏水
2.TAMK 排水閥位置不好開關
3.濾罐底部需要有排水設計
4.水洗機入口時常誤判警報,應是有吹風導致誤判
NO.4 之內門蓋鬆脫,初判為銅泥沙導致門蓋不緊",更換濾材時水灑出導致,後續內部討論處是作為後回覆客戶,,
HGT-421S,設備異常,"水壓下限設定值不準確,造成人員判讀異常
","經檢查發現研磨水壓表,與PLC讀取壓力值有誤差,主要以PLC卡控水壓值上下限,而並非水壓表","與客戶協調後改為以水壓表為主,使用軟體做修正.",,
HGT-421S,傳動,卡板異常,"客戶反應水洗烘乾機出料區無增設壓制輪,導致料片疊片
","許客戶討論後後續新增自重輪,供客戶測試,其餘無異常",,
HGT-420,設備異常,漏水,"1.客戶反應主軸轉動中會有異音
2.操作侧有漏水滲水之情形
3.烘乾水洗傳送異常","1.檢查後更換擺動總成,測試後無異音
2.將研磨室內擋水ORING 更換,帶客戶檢測及觀察
3.下噴嘴更換9PCS (GS202)
4.水洗烘乾傳送更換滾輪6PCS(GS202)
",,
HGT-420,異音,主軸運轉有異音,"1.客戶反應主軸轉動中會有異音
2.操作侧有漏水滲水之情形
3.烘乾水洗傳送異常","1.檢查後更換擺動總成,測試後無異音
2.將研磨室內擋水ORING 更換,帶客戶檢測及觀察
3.下噴嘴更換9PCS (GS202)
4.水洗烘乾傳送更換滾輪6PCS(GS202)
",,
EDM-260,設備異常,調壓異常,"異常評估:
1.主軸耗損且鬆脫之情形,故調壓時機構料件卡死造成調壓馬達過載
*詳細原因還需將主軸帶回檢驗","1.研磨總成更換
2.DUMMY 測試
3.量產測試
4.經現場人員確認OK",,
HGT-421,設備異常,水洗設備整板段容易刻溝,,"1.先將原設計之整板段更換給客戶
2.後續欲設計陽極處理之整板段,後續提供客戶測試
3.整板秒數修改5S>2S",,
HGT-421,設備異常,"1.刷輪極限通知開關異常
2. 水洗機整板段拍板異常磨損","1.刷輪極限開關位置異常
2. 水洗機整板段拍板異常磨損","1.調整極限開關位置
2.後續製作不同材質拍板供客戶測試
3.預計使用陽極處理加工
100PCS DUMMY 走板測試",,
HGT-421,板子問題,產品有破片,水洗烘乾設備之整板sensor過於靠近出口端,將整板sensor往烘乾段移動，以此較不會有照射盲區的問題,,
HGT-421,刷輪,刷輪過小不會提示且自動會當機,經查修後發現X15(下極限)刷輪sensor觸發沒有ERROR，並且會讓設備當機，無法排除，只能關電重啟,暫時以刷輪過小來卡(下極限)X15的異常並調整刷輪過小sensor提早提示、待約程控來查看PLC條件有無異常,,
